{
    "customLevelMusic" : [
        {
            "LevelName" : "Voke",
            "MainMusic" : {
                "Bank" : "SevenNationArmyBank",
                "Event": "{ae7b345d-7e58-45b5-8c6a-2919565e55cf}",
                "LowHealthBeatEvent": "{be47ce9a-fb74-4309-8001-93bf1d590572}",
                "BeatInputOffset": 0.06,
                "BPM": 120
            },
            "BossMusic" : {
                "Bank" : "NoTiersSimpleSongBank",
                "Event": "{8317f105-4ce6-429d-ab15-581bb764bf51}",
                "LowHealthBeatEvent": "{be47ce9a-fb74-4309-8001-93bf1d590572}",
                "BeatInputOffset": 0.06,
                "BPM": 120
            }
        },
        {
            "LevelName" : "Stygia",
            "MainMusic" : {
                "Bank" : "NoTiersExampleSongBank",
                "Event": "{0d013d26-de2b-459f-8aec-39adc9e52886}",
                "LowHealthBeatEvent": "{be47ce9a-fb74-4309-8001-93bf1d590572}",
                "BeatInputOffset": 0.06,
                "BPM": 130
            },
            "BossMusic" : {
                "Bank" : "NoTiersExampleSongBank",
                "Event": "{0d013d26-de2b-459f-8aec-39adc9e52886}",
                "LowHealthBeatEvent": "{be47ce9a-fb74-4309-8001-93bf1d590572}",
                "BeatInputOffset": 0.06,
                "BPM": 130
            }
        },
        {
            "LevelName" : "Incaustis",
            "MainMusic" : {
                "Bank" : "TiersExampleSongBank",
                "Event": "{3da3626d-0386-4e7a-aa8f-3b1c5afcd871}",
                "LowHealthBeatEvent": "{be47ce9a-fb74-4309-8001-93bf1d590572}",
                "BeatInputOffset": 0.06,
                "BPM": 120
            },
            "BossMusic" : {
                "Bank" : "TiersExampleSongBank",
                "Event": "{3da3626d-0386-4e7a-aa8f-3b1c5afcd871}",
                "LowHealthBeatEvent": "{be47ce9a-fb74-4309-8001-93bf1d590572}",
                "BeatInputOffset": 0.06,
                "BPM": 120
            }
        },
        {
            "LevelName" : "Yhelm",
            "MainMusic" : {
                "Bank" : "TheJazzTuneSongBank",
                "Event": "{954105ca-78a7-4eb5-8976-631091b077b1}",
                "LowHealthBeatEvent": "{be47ce9a-fb74-4309-8001-93bf1d590572}",
                "BeatInputOffset": 0.06,
                "BPM": 110
            },
            "BossMusic" : {
                "Bank" : "TheJazzTuneSongBank",
                "Event": "{954105ca-78a7-4eb5-8976-631091b077b1}",
                "LowHealthBeatEvent": "{be47ce9a-fb74-4309-8001-93bf1d590572}",
                "BeatInputOffset": 0.06,
                "BPM": 110
            }
        },
        {
            "LevelName" : "Gehenna",
            "MainMusic" : {
                "Bank" : "NoTiersSimpleSongNoActsBank",
                "Event": "{95972dee-fd3a-4a5c-9024-8f714883936e}",
                "LowHealthBeatEvent": "{be47ce9a-fb74-4309-8001-93bf1d590572}",
                "BeatInputOffset": 0.06,
                "BPM": 120
            },
            "BossMusic" : {
                "Bank" : "NoTiersSimpleSongNoActsBank",
                "Event": "{95972dee-fd3a-4a5c-9024-8f714883936e}",
                "LowHealthBeatEvent": "{be47ce9a-fb74-4309-8001-93bf1d590572}",
                "BeatInputOffset": 0.06,
                "BPM": 120
            }
        }
    ]
}
